#ariba_ref_name	ref_name	gene	var_only	flag	reads	cluster	ref_len	ref_base_assembled	pc_ident	ctg	ctg_len	ctg_cov	known_var	gff_file_of_gene	scaffold_name	annotation/protein_id	gene_name	gene_description/annotation	panaroo_gene_family	reference_gene_id	pident_compared_to_reference	length	mismatches	gapopen	qstart	qend	sstart	send	evalue	bitscore	btop_mismatches	var_type	var_seq_type	known_var_change	has_known_var	ref_ctg_change	ref_ctg_effect	ref_start	ref_end	ref_nt	ctg_start	ctg_end	ctg_nt	smtls_total_depth	smtls_nts	smtls_nts_depth	var_description
142_0_1776	142_0_1776	1	1	528	164	cluster_369	1488	120	95.04	cluster_369.l6.c30.ctg.1	948	24.5	0	GCA_013357865.1_ASM1335786v1_genomic_prokka 	  CP053820.1 	  cds-QKU59867.1 	  . 	  PTS transporter subunit EIIC 	  nagE~~~ptsG2 	  NC_002505.1:1061324-1062895_VC_RS04915_PTS_transporter_subunit_EIIC_(nagE) 	94.355	124	5	2	1450	1572	1366	1488	1.33E-45	189	  T3A G9T A12G T18- 21C- A22T G73A	.	p	.	0	G461fs	FSHIFT	1381	1381	G	469	469	G	15	G	15	.
142_0_1797	142_0_1797	1	1	528	1040	cluster_627	1005	525	94.1	cluster_627.l15.c4.ctg.1	1703	79.6	0	GCA_013357865.1_ASM1335786v1_genomic_prokka 	  CP053820.1 	  cds-QKU59888.1 	  chiP 	  chitoporin 	  group_76231 	  NC_002505.1:1037891-1038940_chiP_chitoporin 	94.095	525	31	0	1	525	1	525	0	798	  T297A C309T C310A C312T C315T A318G G357A A363T T369C C375T C390T T403C A405G C417T T426C G436A C437A T438A G440C T441A T447C T462C G468C T486A T495C G498A G501C C504T A508G T513A T522C	.	p	.	0	I104L; K146A; A147G; V170I	NONSYN	310; 436; 439; 508	312; 438; 441; 510	ATT; AAA; GCA; GTT	827; 953; 956; 1025	829; 955; 958; 1027	CTC; GCT; GGT; ATT	158;157;157; 63;63;63; 63;64;65; 27;27;27	C;T;C; G;C,G;T; G,T,C;G;T; A;T;T	149;148;148; 63;62,1;63; 61,1,1;64;65; 27;27;27	.
1_1_2741	1_1_2741	1	1	16	120	cluster_171	2412	149	90.6	cluster_171.l15.c17.ctg.2	618	16.3	.	GCA_000009745.1_ASM974v1_genomic_prokka 	  BA000037.2 	  cds-BAC95506.1 	  VV2742 	  cellobiose phosphorylase 	  VV2742~~~chbP 	  NC_002505.1:644349-646754_VC_RS03100_N,N'-diacetylchitobiose_phosphorylase 	84.695	2411	359	10	1	2406	2412	7	0	2399	  T7C G9A A13G G19A T22C G24C G25A A28C C32G G38T G40T T43C A47G A64G C79T G81A G82T C94A T100C T103A G109A C115T C124T C133T A136G A145G T146C C156G G157A C175A T181C A183C C184T G190A A196T A199G C208A C213A G217A G220A C223A C225- T227A T228C A230- T231C 234A- A237G 240A- A243G T244A C255G A258G G260A T264A G270A A273T A276G A279T G282C T291A A300T G303A G306A G309A A312G C327G T342A A348C A354C A360T A363C A366G G369C G375A C407A A411G C414A C423T A426G G453C T462A C489A C498T C525G G534A G537A A543G C549T G552C A555G T558C A564T C570T A579G G588T T600C T602C G606T A612G T618C T621C T633C A636G A642G C645T T647C A656G C657T A663C A672T T678A A680G A681G T702G T711A T728C G737A G738A G761T T762C G774A G792A T795A A798G A801G T802C C803T G804T C819T G825T T828C A837G G843A A846G T847A T852A C855A T858C A861T A867G A869C A875G C876T G885A T888C A894T G897C A903G G906A G921T C927T A929G G945T A948G C951T C957T G969C C978G A981G A990G T999C T1005C G1020A G1029C A1041G C1044T G1047A G1053A G1062A G1065A G1072C A1076T G1077A G1083C G1101C G1103A C1113T A1116G C1122T G1125A A1134T T1146C A1149G G1152A A1164G T1167A A1170G C1173A G1179T T1185G C1188A T1191G C1194T A1203T C1206T A1230G G1239A A1242T C1251T G1259A A1266G A1281G A1284G C1287A T1290C G1293A G1299C G1301A A1311T G1318T A1326G T1332A T1335A G1338C G1341A C1344T A1347G A1356G A1362G 1368A- G1369C A1375- A1381G G1387A G1390C G1408A G1414A C1435T C1444T A1453T G1471C G1473A T1478G G1479C G1483T T1501C G1505T T1537G G1547T A1548G C1552G 1558A- T1561A C1562- G1565A T1577C A1580G T1589C G1598C T1607A T1613- 1617A- C1620T C1623A C1632G C1638T C1644T C1650T C1653A C1662T A1665G G1670A T1671A A1674G C1698T C1702G G1710A C1713T A1716G C1722T G1728A G1740T A1746G G1749A G1758A A1761T T1767G T1768A G1769C G1770A A1773G A1782G G1794A G1800A A1803C T1806G A1809T C1812T G1827T A1833G A1836G C1851T G1854A A1857G C1860T A1879T G1882T T1884A T1887A G1899C G1901A C1902G T1926C G1932A G1947A A1953G A1956G C1965T T1988C G1989A A1995G T1998C C2004T A2005T T2007A A2010G G2022C A2025G G2031A A2037T A2040T A2049G G2056T G2061A T2062A G2063C G2070A G2085A T2088C T2091G G2094A G2097A A2102G G2109A T2127C T2130C A2133T A2145C G2148A T2151C A2157T G2160A A2163T A2170T G2175A T2178C C2181T C2193T A2199G G2211C G2223A A2238G G2250A T2265A G2277A A2283T C2304A C2307G A2322G G2328T G2330A A2331G A2337G A2343T G2349C G2355A A2358C A2385G	.	.	.	.	.	.	.	.	.	.	.	.	.	.	.	.
215_0_1125	215_0_1125	1	1	27	812	cluster_831	261	261	100	cluster_831.l6.c4.ctg.1	1202	94.8	.	GCA_040349375.2_ASM4034937v2_genomic_prokka 	  CP160320.1 	  cds-XCZ78555.1 	  . 	  PTS sugar transporter subunit IIB 	  VV2901~~~VP2637 	  NC_002505.1:1356926-1357231_VC_RS06250_PTS_sugar_transporter_subunit_IIB 	100	261	0	0	46	306	1	261	9.84E-135	483	  .	.	.	.	.	.	.	.	.	.	.	.	.	.	.	.	.
235_0_1748	235_0_1748	1	1	528	404	cluster_632	1005	527	91.08	cluster_632.l15.c4.ctg.1	1064	55	0	GCA_900324435.1_48853_F01_genomic_prokka 	  LT992490.1 	  cds-SPM19111.1 	  porB 	  Outer membrane porin proteinPorinOuter membrane protein (porin) 	  group_76231 	  NC_002505.1:1037891-1038940_chiP_chitoporin 	88.091	613	71	2	1	612	1	612	0	726	  A114G C138T C143T T144G T159C A164G C165T T168C C195T T204C T207G A213G T222C A231G G246A A255T T258C C312T C315T A318G C324T T327C G337A A339C A360T A363T A366G T393A T403C T408C C417T C432T G436A C437A T438A G440C T441A T447C T459C T465C G468A C477T T480A T486A G501T A508G T510G T528G G529A T530C G531A G532A A535G C536T A541G G542A A547G C549T C552T T553G T555A G559T 560T- C564- C567T A568G C579T G583T A592G T596C C598A T601C T603G	.	p	.	0	V48A; S55N; I113V; K146A; A147G; V170I	NONSYN	142; 163; 337; 436; 439; 508	144; 165; 339; 438; 441; 510	GTG; AGT; ATC; AAA; GCA	580; 601; 775; 874; 877; 946	582; 603; 777; 876; 879; 948	GCT; AAC; GTA; GGT; ATT	57;57;57; 58;58;67; 61;63;61; 35;35;35; 19;19;19	G;C;T; A;A;C; G;T;A,T; G;G;T; A;T;T	52;52;52; 51;51;60; 59;61;58,1; 35;35;35; 19;19;19	.
54_0_2210	54_0_2210	1	1	27	1740	cluster_826	390	390	100	cluster_826.l6.c4.ctg.1	1311	130.2	.	GCA_001683415.1_ASM168341v1_genomic_prokka 	  CP016324.1 	  cds-ANR88263.1 	  . 	  hypothetical protein 	  . 	  NC_002505.1:658234-661767_VC_RS03145_response_regulator_(chiS) 	100	52	0	0	1	52	339	390	1.87E-17	97.1	  .	.	.	.	.	.	.	.	.	.	.	.	.	.	.	.	.
6_1_609	6_1_609	1	1	27	6154	cluster_66	3156	3156	100	cluster_66.l6.c4.ctg.1	3892	200.4	.	GCA_000022585.1_ASM2258v1_genomic_prokka 	  CP001486.1 	  cds-ACQ62580.1 	  . 	  chitodextrinase precursor 	  endoI_4~~~endoI_3 	  NC_002506.1:638828-641983_VC_RS16715_chitinase_(C-terminal...) 	99.968	3156	1	0	1	3156	3156	1	0	5823	  G124A	.	.	.	.	.	.	.	.	.	.	.	.	.	.	.	.
99_0_333	99_0_333	1	1	27	11006	cluster_14	3390	3390	100	cluster_14.l15.c17.ctg.1	4456	214.1	.	GCA_003097695.1_ASM309769v1_genomic_prokka 	  CP028894.1 	  cds-AWB73158.1 	  torS_1 	  Sensor protein TorS 	  luxQ3~~~VV2733~~~torS1~~~todS~~~VP2478~~~chiS~~~luxQ_4 	  NC_002505.1:658234-661767_VC_RS03145_response_regulator_(chiS) 	100	3390	0	0	1	3390	3390	1	0	6261	  .	.	.	.	.	.	.	.	.	.	.	.	.	.	.	.	.
99_0_674	99_0_674	1	1	27	2938	cluster_509	1137	1137	100	cluster_509.l15.c4.ctg.1	2084	166.8	.	GCA_003097695.1_ASM309769v1_genomic_prokka 	  CP028894.1 	  cds-AWB73499.1 	  nagA_1 	  N-acetylglucosamine-6-phosphate deacetylase 	  nagA~~~VV1011~~~VP0829 	  NC_002505.1:1059719-1060855_nagA_N-acetylglucosamine-6-phosphate_deacetylase 	100	1137	0	0	1	1137	1137	1	0	2100	  .	.	.	.	.	.	.	.	.	.	.	.	.	.	.	.	.
99_0_824	99_0_824	1	1	27	1416	cluster_808	588	588	100	cluster_808.l15.c4.ctg.1	1619	121.9	.	GCA_003097695.1_ASM309769v1_genomic_prokka 	  CP028894.1 	  cds-AWB73649.1 	  tfoX1_1 	  DNA transformation protein TfoX1 	  group_64662 	  NZ_CP043554.1:c1802867-1802280_F0316_RS08345_tfoX_[organism=Vibrio_cholerae]_[GeneID=69720156]_[chromosome=1] 	99.66	588	2	0	1	588	1	588	0	1075	  T177C C276T	.	.	.	.	.	.	.	.	.	.	.	.	.	.	.	.
99_0_942	99_0_942	1	1	27	2544	cluster_459	1284	1284	100	cluster_459.l15.c4.ctg.1	2036	172	.	GCA_003097695.1_ASM309769v1_genomic_prokka 	  CP028894.1 	  cds-AWB73767.1 	  deaA 	  Chitin disaccharide deacetylase 	  VV2902~~~cod~~~VP2638~~~deaA 	  NC_002505.1:1355388-1356683_cod_chitin_oligosaccharide_deacetylase 	100	1284	0	0	1	1284	1284	1	0	2372	  .	.	.	.	.	.	.	.	.	.	.	.	.	.	.	.	.
99_0_946	99_0_946	1	1	27	2514	cluster_453	1323	1323	100	cluster_453.l6.c4.ctg.1	2183	160.3	.	GCA_003097695.1_ASM309769v1_genomic_prokka 	  CP028894.1 	  cds-AWB73771.1 	  licH 	  putative 6-phospho-beta-glucosidase 	  VV2898~~~VP2634 	  NC_002505.1:1359014-1360336_VC_RS06265_6-phospho-beta-glucosidase 	100	1323	0	0	1	1323	1	1323	0	2444	  .	.	.	.	.	.	.	.	.	.	.	.	.	.	.	.	.
9_0_1016	9_0_1016	1	1	27	1814	cluster_755	909	909	100	cluster_755.l6.c4.ctg.1	1843	136.7	.	GCA_000166455.2_ASM16645v2_genomic_prokka 	  CP003069.1 	  cds-AET26634.1 	  . 	  N-acetylglucosamine kinase 	  nagK1~~~VV1719~~~nagK 	  NC_002505.1:1644672-1645580_nagK_Vibrio_cholerae_O1_biovar_El_Tor_str._N16961_chromosome_I,_complete_sequence 	100	909	0	0	1	909	909	1	0	1679	  .	.	.	.	.	.	.	.	.	.	.	.	.	.	.	.	.
9_0_1259	9_0_1259	1	1	27	2706	cluster_511	1137	1137	100	cluster_511.l15.c4.ctg.1	1891	171.6	.	GCA_000166455.2_ASM16645v2_genomic_prokka 	  CP003069.1 	  cds-AET26877.1 	  . 	  N-acetylglucosamine-6-phosphate deacetylase 	  nagA~~~nagA_1 	  NC_002505.1:1931750-1932886_nagA_N-acetylglucosamine-6-phosphate_deacetylase 	100	1137	0	0	1	1137	1	1137	0	2100	  .	.	.	.	.	.	.	.	.	.	.	.	.	.	.	.	.
9_0_1426	9_0_1426	1	1	27	6360	cluster_133	2541	2541	100	cluster_133.l6.c4.ctg.1	3271	207.6	.	GCA_000166455.2_ASM16645v2_genomic_prokka 	  CP003069.1 	  cds-AET27044.1 	  . 	  chitinase 	  VV2578~~~VP2338 	  NC_002505.1:2104179-2106719_VC_RS09400_chitinase_(chiA1) 	100	2541	0	0	1	2541	2541	1	0	4693	  .	.	.	.	.	.	.	.	.	.	.	.	.	.	.	.	.
9_0_1553	9_0_1553	1	1	27	8252	cluster_37	3345	3345	100	cluster_37.l15.c4.ctg.1	4239	208.3	.	GCA_000166455.2_ASM16645v2_genomic_prokka 	  CP003069.1 	  cds-AET27171.1 	  . 	  AraC/XylS family transcriptional regulator 	  group_61874 	  AE003852.1:2237016-2240381_TfoS_Vibrio_cholerae_O1_biovar_eltor_str._N16961_chromosome 	100	3345	0	0	1	3345	3345	1	0	6178	  .	.	.	.	.	.	.	.	.	.	.	.	.	.	.	.	.
9_0_1685	9_0_1685	1	1	27	7602	cluster_98	2652	2652	100	cluster_98.l15.c4.ctg.1	3328	215.4	.	GCA_000166455.2_ASM16645v2_genomic_prokka 	  CP003069.1 	  cds-AET27303.1 	  chb-2 	  beta-N-acetylhexosaminidase 	  chb~~~VV0942~~~VP0755 	  NC_002505.1:2371485-2374136_VC_RS10720_beta-N-acetylhexosaminidase 	100	2652	0	0	1	2652	2652	1	0	4898	  .	.	.	.	.	.	.	.	.	.	.	.	.	.	.	.	.
9_0_18	9_0_18	1	1	27	4980	cluster_408	1413	1413	100	cluster_408.l6.c4.ctg.1	2182	199.4	.	GCA_000166455.2_ASM16645v2_genomic_prokka 	  CP003069.1 	  cds-AET25636.1 	  . 	  phosphomannomutase 	  VV2743~~~pgcA1 	  NC_002505.1:642814-644226_VC_RS03095_phosphoglucomutase/phosphomannomutase_family_protein 	100	1413	0	0	1	1413	1413	1	0	2610	  .	.	.	.	.	.	.	.	.	.	.	.	.	.	.	.	.
9_0_19	9_0_19	1	1	27	8196	cluster_178	2406	2406	100	cluster_178.l15.c4.ctg.1	3366	200	.	GCA_000166455.2_ASM16645v2_genomic_prokka 	  CP003069.1 	  cds-AET25637.1 	  . 	  conserved hypothetical protein 	  VV2742~~~chbP 	  NC_002505.1:644349-646754_VC_RS03100_N,N'-diacetylchitobiose_phosphorylase 	100	2406	0	0	1	2406	2406	1	0	4444	  .	.	.	.	.	.	.	.	.	.	.	.	.	.	.	.	.
9_0_193	9_0_193	1	1	27	3206	cluster_670	993	993	100	cluster_670.l15.c4.ctg.1	1807	179.1	.	GCA_000166455.2_ASM16645v2_genomic_prokka 	  CP003069.1 	  cds-AET25811.1 	  exoII 	  beta-hexosaminidase 	  nagZ~~~VV0700~~~VP0545 	  NC_002505.1:739874-740866_nagZ_beta-N-acetylhexosaminidase 	100	993	0	0	1	993	1	993	0	1834	  .	.	.	.	.	.	.	.	.	.	.	.	.	.	.	.	.
9_0_20	9_0_20	1	1	27	6462	cluster_230	1914	1914	100	cluster_230.l15.c4.ctg.1	2975	187.7	.	GCA_000166455.2_ASM16645v2_genomic_prokka 	  CP003069.1 	  cds-AET25638.1 	  chb-1 	  beta-N-acetylhexosaminidase 	  VV2741~~~exoI 	  NC_002505.1:646873-648786_VC_RS03105_beta-N-acetylhexosaminidase 	100	1914	0	0	1	1914	1914	1	0	3535	  .	.	.	.	.	.	.	.	.	.	.	.	.	.	.	.	.
9_0_21	9_0_21	1	1	27	3560	cluster_746	966	966	100	cluster_746.l15.c4.ctg.1	1982	166.8	.	GCA_000166455.2_ASM16645v2_genomic_prokka 	  CP003069.1 	  cds-AET25639.1 	  . 	  conserved hypothetical protein 	  VV2740~~~gspK2~~~gspK_1~~~gspK_2 	  NC_002505.1:648783-649667_VC_RS03110_glucosamine_kinase_GspK 	100	885	0	0	1	885	966	82	0	1635	  .	.	.	.	.	.	.	.	.	.	.	.	.	.	.	.	.
9_0_2136	9_0_2136	1	1	27	4048	cluster_605	1008	1008	100	cluster_605.l6.c30.ctg.1	1656	202.5	.	GCA_000166455.2_ASM16645v2_genomic_prokka 	  CP003069.1 	  cds-AET27754.1 	  . 	  LacI family transcriptional regulator repressor for deo operon udp cdd tsx nupC and nupG 	  PLU4760~~~cytR~~~VV3013~~~VP0252 	  NC_002505.1:2844038-2845045_cytR_DNA-binding_transcriptional_regulator_CytR 	100	1008	0	0	1	1008	1008	1	0	1862	  .	.	.	.	.	.	.	.	.	.	.	.	.	.	.	.	.
9_0_22	9_0_22	1	1	27	5778	cluster_254	1725	1725	100	cluster_254.l15.c4.ctg.1	2596	198.8	.	GCA_000166455.2_ASM16645v2_genomic_prokka 	  CP003069.1 	  cds-AET25640.1 	  . 	  glucosamine-link cellobiase 	  VV2739~~~VP2484 	  NC_002505.1:649664-651388_VC_RS03115_hypothetical_protein_(glycoside_hydrolase) 	100	1725	0	0	1	1725	1725	1	0	3186	  .	.	.	.	.	.	.	.	.	.	.	.	.	.	.	.	.
9_0_23	9_0_23	1	1	27	3716	cluster_641	996	996	100	cluster_641.l15.c4.ctg.1	1735	186.8	.	GCA_000166455.2_ASM16645v2_genomic_prokka 	  CP003069.1 	  cds-AET25641.1 	  . 	  peptide/nickel transport system ATP-binding protein 	  oppF2~~~VV2738~~~oppF3~~~oppF_1~~~VP2483 	  NC_002505.1:651445-652440_VC_RS03120_ABC_transporter_ATP-binding_protein 	100	996	0	0	1	996	996	1	0	1840	  .	.	.	.	.	.	.	.	.	.	.	.	.	.	.	.	.
9_0_24	9_0_24	1	1	27	3512	cluster_714	984	984	100	cluster_714.l15.c4.ctg.1	2137	155	.	GCA_000166455.2_ASM16645v2_genomic_prokka 	  CP003069.1 	  cds-AET25642.1 	  . 	  peptide/nickel transport system ATP-binding protein 	  oppD3~~~VV2737~~~VP2482 	  NC_002505.1:652483-653466_VC_RS03125_ABC_transporter_ATP-binding_protein 	100	984	0	0	1	984	984	1	0	1818	  .	.	.	.	.	.	.	.	.	.	.	.	.	.	.	.	.
9_0_25	9_0_25	1	1	27	3718	cluster_571	1026	1026	100	cluster_571.l15.c4.ctg.1	1891	172.2	.	GCA_000166455.2_ASM16645v2_genomic_prokka 	  CP003069.1 	  cds-AET25643.1 	  . 	  peptide/nickel transport system permease protein 	  dppC1~~~VV2736~~~dppC2~~~VP2481~~~dppC_1 	  NC_002505.1:653469-654494_VC_RS03130_ABC_transporter_permease_[ 	100	1026	0	0	1	1026	1026	1	0	1895	  .	.	.	.	.	.	.	.	.	.	.	.	.	.	.	.	.
9_0_26	9_0_26	1	1	27	3580	cluster_684	987	987	100	cluster_684.l15.c4.ctg.1	1854	180.3	.	GCA_000166455.2_ASM16645v2_genomic_prokka 	  CP003069.1 	  cds-AET25644.1 	  . 	  peptide/nickel transport system permease protein 	  dppB2~~~VV2735~~~VP2480 	  NC_002505.1:654497-655483_VC_RS03135_ABC_transporter_permease 	100	987	0	0	1	987	987	1	0	1823	  .	.	.	.	.	.	.	.	.	.	.	.	.	.	.	.	.
9_0_267	9_0_267	1	1	27	5048	cluster_255	1704	1704	100	cluster_255.l15.c4.ctg.1	2641	193.2	.	GCA_000166455.2_ASM16645v2_genomic_prokka 	  CP003069.1 	  cds-AET25885.1 	  . 	  chitinase 	  endoI1~~~endoI_1~~~VP0619 	  NC_002505.1:823398-825101_VC_RS03855_carbohydrate-binding_protein_(chitinase) 	100	1704	0	0	1	1704	1	1704	0	3147	  .	.	.	.	.	.	.	.	.	.	.	.	.	.	.	.	.
9_0_27	9_0_27	1	1	27	5430	cluster_316	1671	1671	100	cluster_316.l6.c4.ctg.1	2501	195.1	.	GCA_000166455.2_ASM16645v2_genomic_prokka 	  CP003069.1 	  cds-AET25645.1 	  . 	  peptide/nickel transport system substrate-binding protein 	  appA2~~~VV2734~~~appA1 	  NC_002505.1:655653-657323_VC_RS03140_Vibrio_cholerae_O1_biovar 	100	1671	0	0	1	1671	1671	1	0	3086	  .	.	.	.	.	.	.	.	.	.	.	.	.	.	.	.	.
9_0_467	9_0_467	1	1	27	2770	cluster_560	1050	1050	100	cluster_560.l15.c4.ctg.1	1950	162.2	.	GCA_000166455.2_ASM16645v2_genomic_prokka 	  CP003069.1 	  cds-AET26085.1 	  . 	  conserved hypothetical protein 	  group_76231 	  NC_002505.1:1037891-1038940_chiP_chitoporin 	100	1050	0	0	1	1050	1	1050	0	1940	  .	.	.	.	.	.	.	.	.	.	.	.	.	.	.	.	.
9_0_491	9_0_491	1	1	27	3936	cluster_338	1572	1572	100	cluster_338.l15.c4.ctg.1	2474	180.4	.	GCA_000166455.2_ASM16645v2_genomic_prokka 	  CP003069.1 	  cds-AET26109.1 	  nagE 	  PTS system N-acetylglucosamine-specific IIABC component 	  nagE~~~VV1012~~~ptsG3~~~ptsG_3~~~VP0831 	  NC_002505.1:1061324-1062895_VC_RS04915_PTS_transporter_subunit_EIIC_(nagE) 	100	1572	0	0	1	1572	1	1572	0	2904	  .	.	.	.	.	.	.	.	.	.	.	.	.	.	.	.	.
9_0_567	9_0_567	1	1	27	7132	cluster_44	3180	3180	100	cluster_44.l15.c4.ctg.1	4070	204.6	.	GCA_000166455.2_ASM16645v2_genomic_prokka 	  CP003069.1 	  cds-AET26185.1 	  . 	  chitodextrinase precursor 	  endoI_2 	  NC_002505.1:1139697-1142912_VC_RS05275_chitinase_(glycosyl_hydrolase) 	100	3180	0	0	37	3216	1	3180	0	5873	  .	.	.	.	.	.	.	.	.	.	.	.	.	.	.	.	.
9_0_772	9_0_772	1	1	27	2806	cluster_450	1332	1332	100	cluster_450.l15.c4.ctg.1	2293	161.1	.	GCA_000166455.2_ASM16645v2_genomic_prokka 	  CP003069.1 	  cds-AET26390.1 	  celB 	  PTS system cellobiose-specific IIC component 	  VV2900~~~VP2636~~~gmuC~~~lacE~~~licC~~~licC_1 	  NC_002505.1:1357319-1358650_VC_RS06255_PTS_sugar_transporter_subunit_IIC 	100	1332	0	0	1	1332	1	1332	0	2460	  .	.	.	.	.	.	.	.	.	.	.	.	.	.	.	.	.
9_0_773	9_0_773	1	1	27	922	cluster_827	336	336	100	cluster_827.l15.c4.ctg.1	1323	99.1	.	GCA_000166455.2_ASM16645v2_genomic_prokka 	  CP003069.1 	  cds-AET26391.1 	  celC 	  PTS system cellobiose-specific IIA component 	  VV2899~~~VP2635 	  NC_002505.1:1358697-1359032_VC_RS06260_PTS_lactose/cellobiose_transporter_subunit_IIA 	100	336	0	0	1	336	1	336	2.2E-176	621	  .	.	.	.	.	.	.	.	.	.	.	.	.	.	.	.	.
9_0_775	9_0_775	1	1	27	1744	cluster_772	759	759	100	cluster_772.l15.c4.ctg.1	1621	143.4	.	GCA_000166455.2_ASM16645v2_genomic_prokka 	  CP003069.1 	  cds-AET26393.1 	  . 	  hypothetical protein 	  chbG~~~VV2897~~~VP2633 	  NC_002505.1:1360359-1361117_chbG_chitin_disaccharide_deacetylase 	100	759	0	0	1	759	1	759	0	1402	  .	.	.	.	.	.	.	.	.	.	.	.	.	.	.	.	.
9_0_776	9_0_776	1	1	27	2224	cluster_603	1023	1023	100	cluster_603.l6.c4.ctg.1	1924	150.2	.	GCA_000166455.2_ASM16645v2_genomic_prokka 	  CP003069.1 	  cds-AET26394.1 	  . 	  LacI family transcription regulator 	  VV2896~~~VP2632 	  NC_002505.1:1361218-1362240_VC_RS06275_LacI_family_DNA-binding_transcriptional_regulator 	100	1023	0	0	1	1023	1	1023	0	1890	  .	.	.	.	.	.	.	.	.	.	.	.	.	.	.	.	.
9_1_496	9_1_496	1	1	27	3186	cluster_350	1539	1539	100	cluster_350.l15.c4.ctg.1	2496	165.1	.	GCA_000166455.2_ASM16645v2_genomic_prokka 	  CP003070.1 	  cds-AET28919.1 	  . 	  chitin-binding protein 	  group_64199 	  NC_002506.1:755480-756937_gbpA_N-acetylglucosamine-binding_protein_GbpA 	100	1458	0	0	1	1458	82	1539	0	2693	  .	.	.	.	.	.	.	.	.	.	.	.	.	.	.	.	.
9_1_707	9_1_707	1	1	27	2124	cluster_775	801	801	100	cluster_775.l15.c17.ctg.1	1503	169.9	.	GCA_000166455.2_ASM16645v2_genomic_prokka 	  CP003070.1 	  cds-AET29130.1 	  nagB 	  glucosamine-6-phosphate deaminase 	  group_83650 	  NC_002506.1:972427-973227_nagB_glucosamine-6-phosphate_deaminase 	100	801	0	0	1	801	1	801	0	1480	  .	.	.	.	.	.	.	.	.	.	.	.	.	.	.	.	.
9_1_818	9_1_818	1	1	27	6410	cluster_120	2550	2550	100	cluster_120.l15.c4.ctg.1	3560	190.6	.	GCA_000166455.2_ASM16645v2_genomic_prokka 	  CP003070.1 	  cds-AET29241.1 	  . 	  chitinase 	  chiA_1 	  NC_002506.1:33035-35584_VC_RS13540_chitinase_(chiA2) 	100	2550	0	0	1	2550	1	2550	0	4710	  .	.	.	.	.	.	.	.	.	.	.	.	.	.	.	.	.
9_1_929	9_1_929	1	1	27	3108	cluster_492	1170	1170	100	cluster_492.l6.c4.ctg.1	2211	164.5	.	GCA_000166455.2_ASM16645v2_genomic_prokka 	  CP003070.1 	  cds-AET29352.1 	  . 	  chitin-binding protein 	  cbpD 	  NC_002506.1:153911-155080_VC_RS14035_spindolin 	100	1170	0	0	1	1170	1	1170	0	2161	  .	.	.	.	.	.	.	.	.	.	.	.	.	.	.	.	.
